id;tracking_code;date;details
1;Mouse Vaneau;2023-01-17T22:13:17;unleash integrate
2;Gloves Account Belarussian;2023-01-18T08:13:38;Designer Saint-Dominique
3;Gorgeous Checking;2023-01-17T13:32:10;SSL zero
4;user-facing turquoise;2023-01-18T03:22:18;Irlande Garden auxiliary
5;functionalities multi-tasking Tasty;2023-01-17T14:50:11;de Bedfordshire
6;Shoes Avon;2023-01-18T10:11:44;Lilangeni
7;Music Handmade;2023-01-17T19:49:22;Charlemagne red
8;Ingenieur mobile Directeur;2023-01-18T05:39:25;system
9;bypass;2023-01-18T11:11:43;Streamlined
10;invoice Quality-focused hack;2023-01-17T15:32:32;wireless Borders
